------------------------------ LES PERSONNAGES ------------------------------
INSERT INTO PERSONNAGE VALUES('Naoko','Adachi');
INSERT INTO PERSONNAGE VALUES('Daisuke','Sekiguchi');
INSERT INTO PERSONNAGE VALUES ('Mirei','Kiritani');
INSERT INTO PERSONNAGE VALUES ('Mao','Daichi');
INSERT INTO PERSONNAGE VALUES ('Wakana','Sakai');
INSERT INTO PERSONNAGE VALUES ('Maiko','Maiko');
INSERT INTO PERSONNAGE VALUES ('Ken','Kaito');
INSERT INTO PERSONNAGE VALUES ('Dori','Sakurada');
INSERT INTO PERSONNAGE VALUES ('Nicole','Ishida');
INSERT INTO PERSONNAGE VALUES ('Toshi','Takeuchi');
INSERT INTO PERSONNAGE VALUES ('Megumi','Sato');
INSERT INTO PERSONNAGE VALUES ('Masako','Chiba');
INSERT INTO PERSONNAGE VALUES('Mark','Johnson');
INSERT INTO PERSONNAGE VALUES('Vince','Gilligan');
INSERT INTO PERSONNAGE VALUES('Adam','Bernstein');
INSERT INTO PERSONNAGE VALUES('Bryan','Cranston');
INSERT INTO PERSONNAGE VALUES('Johan','Renck');
INSERT INTO PERSONNAGE VALUES('Rian','Johnson');
INSERT INTO PERSONNAGE VALUES('Bryan','Craston');
INSERT INTO PERSONNAGE VALUES('Aeron','Paul');
INSERT INTO PERSONNAGE VALUES('Dean','Norris');
INSERT INTO PERSONNAGE VALUES('Anna','Gunn');
INSERT INTO PERSONNAGE VALUES('Krysten','Ritter');
INSERT INTO PERSONNAGE VALUES('Raymon','Cruz');
INSERT INTO PERSONNAGE VALUES('Charles','Baker');
INSERT INTO PERSONNAGE VALUES('Jere','Burns');
INSERT INTO PERSONNAGE VALUES('Jim','Beaver');
INSERT INTO PERSONNAGE VALUES('Nader','Boussandel');
INSERT INTO PERSONNAGE VALUES('Emma','Bazin');
INSERT INTO PERSONNAGE VALUES('Marilyn','Lima');
INSERT INTO PERSONNAGE VALUES('Axel','Auriant');
INSERT INTO PERSONNAGE VALUES('Olivia','Cote');
INSERT INTO PERSONNAGE VALUES('Manon','Gaurin');
INSERT INTO PERSONNAGE VALUES('Mayumi','Tanaka');
INSERT INTO PERSONNAGE VALUES('Tomomichi','Nichimura');
INSERT INTO PERSONNAGE VALUES('Jeda','Tessho');
INSERT INTO PERSONNAGE VALUES('Kasu','Ikura');
INSERT INTO PERSONNAGE VALUES('Hideharu','Luchu');
INSERT INTO PERSONNAGE VALUES('David','Hourregue');
INSERT INTO PERSONNAGE VALUES('Julie','Andem');
INSERT INTO PERSONNAGE VALUES('Aubrey','Nealon');
INSERT INTO PERSONNAGE VALUES('Chuck','Lorre');
INSERT INTO PERSONNAGE VALUES('Bill','Prady');
INSERT INTO PERSONNAGE VALUES('Mark','Cendrowski');
INSERT INTO PERSONNAGE VALUES('Anthony','Joseph');
INSERT INTO PERSONNAGE VALUES('Howard','Murray');
INSERT INTO PERSONNAGE VALUES ('Johnny','Galecki');
INSERT INTO PERSONNAGE VALUES ('Jim','Parsons');
INSERT INTO PERSONNAGE VALUES ('Kaley','Cuoco');
INSERT INTO PERSONNAGE VALUES ('Simon','Helberg');
INSERT INTO PERSONNAGE VALUES ('Kunal','Nayyar');
INSERT INTO PERSONNAGE VALUES('Steven','Spielberg');
INSERT INTO PERSONNAGE VALUES('Robert','Rodat');
INSERT INTO PERSONNAGE VALUES ('Noah','Wyle');
INSERT INTO PERSONNAGE VALUES ('Will','Patton');
INSERT INTO PERSONNAGE VALUES ('Drew','Roy');
INSERT INTO PERSONNAGE VALUES ('Moon','Bloodgood');
INSERT INTO PERSONNAGE VALUES ('Doug','Jones');
INSERT INTO PERSONNAGE VALUES ('Mira','Sorvino');

--------------------------------------------------------------------------------------------------------------------------------------------------------------------
---------------------------------------------------- SERIE Atelier --------------------------------------------------------------------------------------------------
--------------------------------------------------------------------------------------------------------------------------------------------------------------------
------------------------------ SERIE ------------------------------
INSERT INTO SERIE VALUES('Atelier',2015,'Japon');
------------------------------ GENRE ------------------------------
INSERT INTO GENRE_DE_SERIE VALUES(1,'Atelier','Drame');
------------------------------ CREATEUR_SERIE ------------------------------
INSERT INTO SERIE_CREEE VALUES('Naoko','Adachi','Atelier','02-09-2015');
------------------------------ PRODUCTEUR_SERIE ------------------------------
INSERT INTO SERIE_PRODUITE VALUES('Daisuke','Sekiguchi','Atelier');
------------------------------ SAISON ------------------------------
INSERT INTO SAISONS VALUES(1,'Atelier');
------------------------------ EPISODES ------------------------------
INSERT INTO EPISODES VALUES('Atelier',1,'SOS Lingerie',1,'02-09-2015 00:43:05','Tokita Mayuko se prépare à entrer dans la vie active. C est un travail dans le monde de la lingerie qui l attend et lors de son premier jour de travail, un magnifique défilé est organisé par la direction.');
INSERT INTO EPISODES VALUES('Atelier',1,'L habit fait le moine',2,'02-09-2015 00:43:10','Mayumi Nanjō, la propriétaire de la boutique, tente d expliquer à Mayuko la stratégie et le concept de la marque. Mayuko reçoit sa première cliente');
INSERT INTO EPISODES VALUES('Atelier',1,'Un nouveau défi',3,'02-09-2015 00:48:00','Mayuko s efforce de montrer sa capacité à travailler dans le monde de la lingerie. Néanmoins, à la suite d une erreur de sa part lors de l envoi de colis à des clientes et de sa maladresse, Mayuko se fait sermonne par Mayumi Nanjō.');
INSERT INTO EPISODES VALUES('Atelier',1,'changement de rythme',4,'02-09-2015 00:43:14','Avec  ouverture d une seconde ligne de lingerie, accessible à un public plus jeune et plus large, l’équipe doit faire face à de nouveaux défis. Mayuko et Sōsuke sont nommés responsables du nouveau defit');
INSERT INTO EPISODES VALUES('Atelier',1,'Un style bien à soi',5,'02-09-2015 00:53:00','Un nouveau concurrent apparaît et la boutique Emotion fait face à des difficultés qui la menace de fermeture. Avec les efforts de tous les membres de l équipe');
INSERT INTO EPISODES VALUES('Atelier',1,'Défi marketing',6,'02-09-2015 00:43:15','Mayuko essaie de faire savoir au monde combien la lingerie de la boutique Emotion est de qualité. Mais en se confrontant au monde des magazines de mode.');
INSERT INTO EPISODES VALUES('Atelier',1,'Objectif excellence',7,'02-09-2015 00:43:11','Ça y est, c est décidé, un défilé ambitieux sera organisé par Emotion. Mayuko fait tout son possible pour que l événement soit une réussite et que la lingerie Emotion soit enfin reconnue, mais se retrouve vite en difficulté.');
INSERT INTO EPISODES VALUES('Atelier',1,'Le défilé',8,'02-09-2015 00:53:00','Emotion réalise son premier défilé. Grâce à l’aide de Tsunehiko Miki, léquipe vise à réaliser un défilé parfait, quelques petites erreurs seront de la partie, mais cela ne gâchera rien. Cest un grand succès pour Emotion.');
INSERT INTO EPISODES VALUES('Atelier',1,'Projets d avenir',9,'02-09-2015 00:45:00','Après ce retentissant succès, il faut penser à l’avenir. Mayuko se pose pleins de questions et surtout sur son avenir dans le monde de la lingerie, son envie de passer du côté de la création est de plus en plus présent. ');
INSERT INTO EPISODES VALUES('Atelier',1,'Un passé bien present',10,'02-09-2015 00:43:00','Le difficile passé de Mayumi Nanjō est révélé. Ainsi, la création de la boutique Emotion nous est présenté. Mayumi Nanjō rencontre à nouveau son fils, tandis que Mayuko s’attelle à la création de la ligne de lingerie parfaite.');
INSERT INTO EPISODES VALUES('Atelier',1,'Quand le chat nest pas la',11,'02-09-2015 00:40:30','Mizuki, Rin et Saruhashi essaient de développer les activités de la boutique Emotion et présentent la boutique lors dun concours. Mayumi Nanjō prend le temps de réfléchir à lavenir dEmotion et prépare également son propre avenir');
INSERT INTO EPISODES VALUES('Atelier',1,'Nouvelles opportunités',12,'02-09-2015 00:50:47','Emotion, fort du succès de son défilé, attire enfin l’attention de l’industrie de la mode.');
INSERT INTO EPISODES VALUES('Atelier',1,'La boutique',13,'02-09-2015 00:43:04','Un nouveau défilé de mode se prépare, mais Mayuko découvre les intentions réelles de la propriétaire de la boutique, Mayumi Nanjō.');
------------------------------ ACTEUR_EPISODES ------------------------------
INSERT INTO ACTEUR_PARTICIPE_EPISODE VALUES ('Mirei','Kiritani','SOS Lingerie');
INSERT INTO ACTEUR_PARTICIPE_EPISODE VALUES ('Mao','Daichi','SOS Lingerie');
INSERT INTO ACTEUR_PARTICIPE_EPISODE VALUES ('Wakana','Sakai','SOS Lingerie');
INSERT INTO ACTEUR_PARTICIPE_EPISODE VALUES ('Maiko','Maiko','SOS Lingerie');
INSERT INTO ACTEUR_PARTICIPE_EPISODE VALUES ('Ken','Kaito','SOS Lingerie');
INSERT INTO ACTEUR_PARTICIPE_EPISODE VALUES ('Dori','Sakurada','SOS Lingerie');
INSERT INTO ACTEUR_PARTICIPE_EPISODE VALUES ('Nicole','Ishida','SOS Lingerie');
INSERT INTO ACTEUR_PARTICIPE_EPISODE VALUES ('Toshi','Takeuchi','SOS Lingerie');
INSERT INTO ACTEUR_PARTICIPE_EPISODE VALUES ('Megumi','Sato','SOS Lingerie');
INSERT INTO ACTEUR_PARTICIPE_EPISODE VALUES ('Masako','Chiba','SOS Lingerie');
INSERT INTO ACTEUR_PARTICIPE_EPISODE VALUES ('Mirei','Kiritani','L habit fait le moine');
INSERT INTO ACTEUR_PARTICIPE_EPISODE VALUES ('Mao','Daichi','L habit fait le moine');
INSERT INTO ACTEUR_PARTICIPE_EPISODE VALUES ('Wakana','Sakai','L habit fait le moine');
INSERT INTO ACTEUR_PARTICIPE_EPISODE VALUES ('Maiko','Maiko','L habit fait le moine');
INSERT INTO ACTEUR_PARTICIPE_EPISODE VALUES ('Ken','Kaito','L habit fait le moine');
INSERT INTO ACTEUR_PARTICIPE_EPISODE VALUES ('Dori','Sakurada','L habit fait le moine');
INSERT INTO ACTEUR_PARTICIPE_EPISODE VALUES ('Maiko','Maiko','Un nouveau défi');
INSERT INTO ACTEUR_PARTICIPE_EPISODE VALUES ('Nicole','Ishida','Un nouveau défi');
INSERT INTO ACTEUR_PARTICIPE_EPISODE VALUES ('Toshi','Takeuchi','Un nouveau défi');
INSERT INTO ACTEUR_PARTICIPE_EPISODE VALUES ('Megumi','Sato','Un nouveau défi');
INSERT INTO ACTEUR_PARTICIPE_EPISODE VALUES ('Masako','Chiba','Un nouveau défi');
INSERT INTO ACTEUR_PARTICIPE_EPISODE VALUES ('Mirei','Kiritani','changement de rythme');
INSERT INTO ACTEUR_PARTICIPE_EPISODE VALUES ('Mao','Daichi','changement de rythme');
INSERT INTO ACTEUR_PARTICIPE_EPISODE VALUES ('Toshi','Takeuchi','changement de rythme');
INSERT INTO ACTEUR_PARTICIPE_EPISODE VALUES ('Megumi','Sato','changement de rythme');
INSERT INTO ACTEUR_PARTICIPE_EPISODE VALUES ('Masako','Chiba','changement de rythme');
INSERT INTO ACTEUR_PARTICIPE_EPISODE VALUES ('Mirei','Kiritani','Un style bien à soi');
INSERT INTO ACTEUR_PARTICIPE_EPISODE VALUES ('Mao','Daichi','Un style bien à soi');
INSERT INTO ACTEUR_PARTICIPE_EPISODE VALUES ('Wakana','Sakai','Un style bien à soi');
INSERT INTO ACTEUR_PARTICIPE_EPISODE VALUES ('Maiko','Maiko','Un style bien à soi');
INSERT INTO ACTEUR_PARTICIPE_EPISODE VALUES ('Ken','Kaito','Un style bien à soi');
INSERT INTO ACTEUR_PARTICIPE_EPISODE VALUES ('Dori','Sakurada','Un style bien à soi');
INSERT INTO ACTEUR_PARTICIPE_EPISODE VALUES ('Nicole','Ishida','Un style bien à soi');
INSERT INTO ACTEUR_PARTICIPE_EPISODE VALUES ('Toshi','Takeuchi','Un style bien à soi');
INSERT INTO ACTEUR_PARTICIPE_EPISODE VALUES ('Megumi','Sato','Un style bien à soi');
INSERT INTO ACTEUR_PARTICIPE_EPISODE VALUES ('Masako','Chiba','Un style bien à soi');
INSERT INTO ACTEUR_PARTICIPE_EPISODE VALUES ('Wakana','Sakai','Défi marketing');
INSERT INTO ACTEUR_PARTICIPE_EPISODE VALUES ('Maiko','Maiko','Défi marketing');
INSERT INTO ACTEUR_PARTICIPE_EPISODE VALUES ('Ken','Kaito','Défi marketing');
INSERT INTO ACTEUR_PARTICIPE_EPISODE VALUES ('Dori','Sakurada','Défi marketing');
INSERT INTO ACTEUR_PARTICIPE_EPISODE VALUES ('Nicole','Ishida','Défi marketing');
INSERT INTO ACTEUR_PARTICIPE_EPISODE VALUES ('Mirei','Kiritani','Objectif excellence');
INSERT INTO ACTEUR_PARTICIPE_EPISODE VALUES ('Maiko','Maiko','Objectif excellence');
INSERT INTO ACTEUR_PARTICIPE_EPISODE VALUES ('Ken','Kaito','Objectif excellence');
INSERT INTO ACTEUR_PARTICIPE_EPISODE VALUES ('Dori','Sakurada','Objectif excellence');
INSERT INTO ACTEUR_PARTICIPE_EPISODE VALUES ('Nicole','Ishida','Objectif excellence');
INSERT INTO ACTEUR_PARTICIPE_EPISODE VALUES ('Toshi','Takeuchi','Objectif excellence');
INSERT INTO ACTEUR_PARTICIPE_EPISODE VALUES ('Megumi','Sato','Objectif excellence');
INSERT INTO ACTEUR_PARTICIPE_EPISODE VALUES ('Mirei','Kiritani','Le défilé');
INSERT INTO ACTEUR_PARTICIPE_EPISODE VALUES ('Mao','Daichi','Le défilé');
INSERT INTO ACTEUR_PARTICIPE_EPISODE VALUES ('Toshi','Takeuchi','Le défilé');
INSERT INTO ACTEUR_PARTICIPE_EPISODE VALUES ('Megumi','Sato','Le défilé');
INSERT INTO ACTEUR_PARTICIPE_EPISODE VALUES ('Masako','Chiba','Le défilé');
INSERT INTO ACTEUR_PARTICIPE_EPISODE VALUES ('Mirei','Kiritani','Projets d avenir');
INSERT INTO ACTEUR_PARTICIPE_EPISODE VALUES ('Mao','Daichi','Projets d avenir');
INSERT INTO ACTEUR_PARTICIPE_EPISODE VALUES ('Toshi','Takeuchi','Projets d avenir');
INSERT INTO ACTEUR_PARTICIPE_EPISODE VALUES ('Megumi','Sato','Projets d avenir');
INSERT INTO ACTEUR_PARTICIPE_EPISODE VALUES ('Masako','Chiba','Projets d avenir');
INSERT INTO ACTEUR_PARTICIPE_EPISODE VALUES ('Mirei','Kiritani','Un passé bien present');
INSERT INTO ACTEUR_PARTICIPE_EPISODE VALUES ('Toshi','Takeuchi','Un passé bien present');
INSERT INTO ACTEUR_PARTICIPE_EPISODE VALUES ('Megumi','Sato','Un passé bien present');
INSERT INTO ACTEUR_PARTICIPE_EPISODE VALUES ('Masako','Chiba','Un passé bien present');
INSERT INTO ACTEUR_PARTICIPE_EPISODE VALUES ('Mirei','Kiritani','Quand le chat nest pas la');
INSERT INTO ACTEUR_PARTICIPE_EPISODE VALUES ('Mao','Daichi','Quand le chat nest pas la');
INSERT INTO ACTEUR_PARTICIPE_EPISODE VALUES ('Wakana','Sakai','Quand le chat nest pas la');
INSERT INTO ACTEUR_PARTICIPE_EPISODE VALUES ('Ken','Kaito','Quand le chat nest pas la');
INSERT INTO ACTEUR_PARTICIPE_EPISODE VALUES ('Dori','Sakurada','Quand le chat nest pas la');
INSERT INTO ACTEUR_PARTICIPE_EPISODE VALUES ('Maiko','Maiko','Nouvelles opportunités');
INSERT INTO ACTEUR_PARTICIPE_EPISODE VALUES ('Nicole','Ishida','Nouvelles opportunités');
INSERT INTO ACTEUR_PARTICIPE_EPISODE VALUES ('Toshi','Takeuchi','Nouvelles opportunités');
INSERT INTO ACTEUR_PARTICIPE_EPISODE VALUES ('Megumi','Sato','Nouvelles opportunités');
INSERT INTO ACTEUR_PARTICIPE_EPISODE VALUES ('Masako','Chiba','Nouvelles opportunités');
INSERT INTO ACTEUR_PARTICIPE_EPISODE VALUES ('Mirei','Kiritani','La boutique');
INSERT INTO ACTEUR_PARTICIPE_EPISODE VALUES ('Toshi','Takeuchi','La boutique');
INSERT INTO ACTEUR_PARTICIPE_EPISODE VALUES ('Megumi','Sato','La boutique');
INSERT INTO ACTEUR_PARTICIPE_EPISODE VALUES ('Masako','Chiba','La boutique');
------------------------------ REALISATEUR_EPISODES ------------------------------
INSERT INTO EPISODE_REALISEE_PAR VALUES('Masako','Chiba','SOS Lingerie');
INSERT INTO EPISODE_REALISEE_PAR VALUES('Wakana','Sakai','La boutique');
INSERT INTO EPISODE_REALISEE_PAR VALUES('Mirei','Kiritani','Nouvelles opportunités');

--------------------------------------------------------------------------------------------------------------------------------------------------------------------
-------------------------------------------------- serie THE BIG BANG THEORY ---------------------------------------------------------------------------------------
--------------------------------------------------------------------------------------------------------------------------------------------------------------------
------------------------------ SERIE ------------------------------
INSERT INTO SERIE VALUES('Big Bang Theory',2007,'Etats-Unis');
------------------------------ GENRE ------------------------------
INSERT INTO GENRE_DE_SERIE VALUES(2,'Big Bang Theory','SitCom');
------------------------------ CREATEUR_SERIE ------------------------------
INSERT INTO SERIE_CREEE VALUES('Chuck','Lorre','Big Bang Theory','24-09-2007');
INSERT INTO SERIE_CREEE VALUES('Bill','Prady','Big Bang Theory','24-09-2007');
------------------------------ REALISATEUR_SERIE ------------------------------
INSERT INTO SERIE_REALISEE_PAR VALUES('Mark','Cendrowski','Big Bang Theory');
INSERT INTO SERIE_REALISEE_PAR VALUES('Anthony','Joseph','Big Bang Theory');
INSERT INTO SERIE_REALISEE_PAR VALUES('Howard','Murray','Big Bang Theory');
------------------------------ SAISONS ------------------------------
INSERT INTO SAISONS VALUES(1,'Big Bang Theory');
INSERT INTO SAISONS VALUES(2,'Big Bang Theory');
INSERT INTO SAISONS VALUES(3,'Big Bang Theory');
INSERT INTO SAISONS VALUES(4,'Big Bang Theory');
INSERT INTO SAISONS VALUES(5,'Big Bang Theory');
INSERT INTO SAISONS VALUES(6,'Big Bang Theory');
INSERT INTO SAISONS VALUES(7,'Big Bang Theory');
INSERT INTO SAISONS VALUES(8,'Big Bang Theory');
INSERT INTO SAISONS VALUES(9,'Big Bang Theory');
INSERT INTO SAISONS VALUES(10,'Big Bang Theory');
INSERT INTO SAISONS VALUES(11,'Big Bang Theory');
INSERT INTO SAISONS VALUES(12,'Big Bang Theory');
------------------------------ EPISODES ------------------------------
INSERT INTO EPISODES VALUES('Big Bang Theory',1,'La Nouvelle Voisine des surdoués',1,'24-09-2007 00:22:00','Leonard et Sheldon se rendent à la banque de sperme afin de faire un don au QI élevé, mais poussés par les remords, ils décident de rentrer.');
INSERT INTO EPISODES VALUES('Big Bang Theory',1,'Des voisins encombrants',2,'01-10 -2007 00:30:00','Penny interrompt les quatre amis en plein repas thaï alors quils sapprêtent à regarder l intégrale des films Superman. Elle demande à Leonard de signer à sa place la réception d un paquet...');
INSERT INTO EPISODES VALUES('Big Bang Theory',1,'Le Corollaire de pattes-de-velours',3,'08-10 -2007 00:25:00','Tandis que Leonard met au point une nouvelle technique pour parler à Penny (en interceptant son courrier afin de le lui apporter un peu plus tard), il la surprend en train d embrasser sur le palier un autre type, Doug.');
INSERT INTO EPISODES VALUES('Big Bang Theory',2,'Un secret bien gardé',1,'22-09-2008 00:29:03','Ne sachant quelle attitude adopter dans sa nouvelle relation avec Leonard, Penny se tourne vers Sheldon et lui confie un de ses secrets : elle a dit à Leonard qu elle avait réussi à la fac alors que cest faux.');
INSERT INTO EPISODES VALUES('Big Bang Theory',2,'Le Flirt de Léonard',2,'29-09-2008 00:28:00','Alors que les quatre garçons rentrent de la fête de la renaissance, ils croisent Penny dans lescalier en compagnie de son nouveau petit ami, Eric.');
INSERT INTO EPISODES VALUES('Big Bang Theory',3,'La Fluctuation de louvre-boîte électrique',1,'21-09 -2009 00:29:00','Une trahison menace de détruire lamitié entre les garçons et Sheldon, ainsi que les chances du couple que forment Penny et Leonard.');
INSERT INTO EPISODES VALUES('Big Bang Theory',3,'Le Grillon des champs',2,'28-09 -2009 00:22:00',' Penny et Leonard sont dans une relation compliquée à la suite dune première nuit difficile. Pendant ce temps, Sheldon et Howard saffrontent dans un pari pour déterminer les espèces de grillons existantes.');
INSERT INTO EPISODES VALUES('Big Bang Theory',3,'La Déviation Gothowitz',3,'05-10 -2009 00:26:25',' Howard et Raj se rendent dans une boite de nuit gothique en vue de draguer tandis que Sheldon tente d améliorer le caractère de Penny grâce aux effets secondaires du chocolat.');
INSERT INTO EPISODES VALUES('Big Bang Theory',4,'Le Robot à tout faire !',1,'23-09 -2010 00:29:00',' Howard, Raj et Leonard samusent avec un bras robotique mais Howard lui trouve une tout autre utilisation, alors que Penny découvre que Sheldon a une relation avec une fille, Amy.');
INSERT INTO EPISODES VALUES('Big Bang Theory',5,'Microbes, Acariens, Tiques et Compagnie',2,'22-09 -2011 00:29:00','Leonard essaie d entretenir une relation longue distance avec Priya, mais la technologie pose problème : Howard et Raj proposent une solution. Mais Sheldon a une nouvelle fixation .');
INSERT INTO EPISODES VALUES('Big Bang Theory',5,'Extrapolation de laine froissée',3,'29-09 -2011 00:29:00','Sheldon s est découvert une passion pour les trains miniatures. Howard et Bernadette essaient de cohabiter avec la mère du scientifique. Ainsi, Leonard et Amy se retrouvent seuls pendant une soirée avant d aller ensemble à un mariage.');
INSERT INTO EPISODES VALUES('Big Bang Theory',6,'Un rendez-vous fluctuant',1,'27-09 -2012 00:27:00',' Dans la station internationale, Howard est harcelé par les appels de son épouse et de sa mère. Sheldon et Leonard organisent leurs soirées en couple, laissant Raj tout seul, ce qui ne l empêche pas d essayer de s inviter.');
INSERT INTO EPISODES VALUES('Big Bang Theory',7,'Absence de Leonard',1,'26-09-2013 00:24:00','Lors de la même soirée, Penny et Sheldon s avouent que Leonard leur manque alors qu il s amuse pendant sa mission, Howard épaule Raj qui tente de se consoler de sa rupture avec Lucy.');
INSERT INTO EPISODES VALUES('Big Bang Theory',7,'La Résonance de l amour',6,'24-10 -2013 00:33:00','Sheldon fait la plus grande découverte de sa vie. Malheureusement, il découvre qu elle est basée sur une erreur et il doit vivre avec ce poids.');
INSERT INTO EPISODES VALUES('Big Bang Theory',8,'Le Conditionnement opérant',5,'12-10 -2014 00:25:00',' Les garçons se rendent compte que leur vie de couple a pris le pas sur leurs activités scientifiques et souhaitent consacrer un week-end à leurs recherches personnelles. Les filles en profitent pour partir à Las Vegas.');
INSERT INTO EPISODES VALUES('Big Bang Theory',8,'Le Rituel du bal',8,'06-11-2014 00:28:00','Bernadette et Amy organisent une soirée où elles refont une soirée de fin de promotion. Chaque couple va revivre lévénement à sa façon, dramatique ou romantique.');
INSERT INTO EPISODES VALUES('Big Bang Theory',9,'Retour à la case départ ',4,'12-10 -2015 00:29:00','Leonard commence à emménager chez Penny. Sheldon se sent abandonné et décide de revenir à une étape de sa vie où il ne ressentait rien : en 2003, avant que Leonard ne devienne son colocataire.');
INSERT INTO EPISODES VALUES('Big Bang Theory',10,'Jacuzzi a dit',5,'24-10 -2016 00:30:00',' Leonard et Penny aident Sheldon et Amy à accepter l idée de compromis dans leur vie de couple vivant ensemble.');
INSERT INTO EPISODES VALUES('Big Bang Theory',11,'Explosion en plein Wolowitz',4,'16-10 -2017 00:29:04',' Howard et Bernadette apprennent quils vont avoir un fils et ils peinent à sen réjouir. Leonard découvre que sa mère passe beaucoup de temps au téléphone avec Penny, une situation qui le gêne énormément.');
INSERT INTO EPISODES VALUES('Big Bang Theory',12,'Titre de spermission',12,'10-01 -2019 00:24:09',' Penny recroise Zack, devenu riche et marié. Il souhaite rencontrer Leonard pour lui proposer de devenir le donneur de sperme de son enfant. Raj ne parvient pas à se décider quant à lavenir de sa relation avec Anu.');
------------------------------ ACTEUR_EPISODES ------------------------------
INSERT INTO ACTEUR_PARTICIPE_EPISODE VALUES ('Johnny','Galecki','La Nouvelle Voisine des surdoués');
INSERT INTO ACTEUR_PARTICIPE_EPISODE VALUES ('Jim','Parsons','La Nouvelle Voisine des surdoués');
INSERT INTO ACTEUR_PARTICIPE_EPISODE VALUES ('Kaley','Cuoco','La Nouvelle Voisine des surdoués');
INSERT INTO ACTEUR_PARTICIPE_EPISODE VALUES ('Simon','Helberg','La Nouvelle Voisine des surdoués');
INSERT INTO ACTEUR_PARTICIPE_EPISODE VALUES ('Kunal','Nayyar','La Nouvelle Voisine des surdoués');
INSERT INTO ACTEUR_PARTICIPE_EPISODE VALUES ('Jim','Parsons','Des voisins encombrants');
INSERT INTO ACTEUR_PARTICIPE_EPISODE VALUES ('Kaley','Cuoco','Des voisins encombrants');
INSERT INTO ACTEUR_PARTICIPE_EPISODE VALUES ('Simon','Helberg','Des voisins encombrants');
INSERT INTO ACTEUR_PARTICIPE_EPISODE VALUES ('Johnny','Galecki','Le Corollaire de pattes-de-velours');
INSERT INTO ACTEUR_PARTICIPE_EPISODE VALUES ('Jim','Parsons','Le Corollaire de pattes-de-velours');
INSERT INTO ACTEUR_PARTICIPE_EPISODE VALUES ('Kaley','Cuoco','Le Corollaire de pattes-de-velours');
INSERT INTO ACTEUR_PARTICIPE_EPISODE VALUES ('Simon','Helberg','Le Corollaire de pattes-de-velours');
INSERT INTO ACTEUR_PARTICIPE_EPISODE VALUES ('Kunal','Nayyar','Le Corollaire de pattes-de-velours');
INSERT INTO ACTEUR_PARTICIPE_EPISODE VALUES ('Jim','Parsons','Un secret bien gardé');
INSERT INTO ACTEUR_PARTICIPE_EPISODE VALUES ('Kaley','Cuoco','Un secret bien gardé');
INSERT INTO ACTEUR_PARTICIPE_EPISODE VALUES ('Johnny','Galecki','Le Flirt de Léonard');
INSERT INTO ACTEUR_PARTICIPE_EPISODE VALUES ('Kaley','Cuoco','Le Flirt de Léonard');
INSERT INTO ACTEUR_PARTICIPE_EPISODE VALUES ('Kunal','Nayyar','Le Flirt de Léonard');
INSERT INTO ACTEUR_PARTICIPE_EPISODE VALUES ('Johnny','Galecki','Le Grillon des champs');
INSERT INTO ACTEUR_PARTICIPE_EPISODE VALUES ('Kaley','Cuoco','Le Grillon des champs');
INSERT INTO ACTEUR_PARTICIPE_EPISODE VALUES ('Simon','Helberg','Le Grillon des champs');
INSERT INTO ACTEUR_PARTICIPE_EPISODE VALUES ('Kunal','Nayyar','Le Grillon des champs');
INSERT INTO ACTEUR_PARTICIPE_EPISODE VALUES ('Johnny','Galecki','La Déviation Gothowitz');
INSERT INTO ACTEUR_PARTICIPE_EPISODE VALUES ('Jim','Parsons','La Déviation Gothowitz');
INSERT INTO ACTEUR_PARTICIPE_EPISODE VALUES ('Kaley','Cuoco','La Déviation Gothowitz');
INSERT INTO ACTEUR_PARTICIPE_EPISODE VALUES ('Simon','Helberg','Le Robot à tout faire !');
INSERT INTO ACTEUR_PARTICIPE_EPISODE VALUES ('Kunal','Nayyar','Le Robot à tout faire !');
INSERT INTO ACTEUR_PARTICIPE_EPISODE VALUES ('Johnny','Galecki','Extrapolation de laine froissée');
INSERT INTO ACTEUR_PARTICIPE_EPISODE VALUES ('Kaley','Cuoco','Extrapolation de laine froissée');
INSERT INTO ACTEUR_PARTICIPE_EPISODE VALUES ('Jim','Parsons','Extrapolation de laine froissée');
INSERT INTO ACTEUR_PARTICIPE_EPISODE VALUES ('Johnny','Galecki','La Résonance de l amour');
INSERT INTO ACTEUR_PARTICIPE_EPISODE VALUES ('Simon','Helberg','La Résonance de l amour');
INSERT INTO ACTEUR_PARTICIPE_EPISODE VALUES ('Kunal','Nayyar','La Résonance de l amour');
------------------------------ REALISATEUR_EPISODES ------------------------------
INSERT INTO EPISODE_REALISEE_PAR VALUES('Johnny','Galecki','La Nouvelle Voisine des surdoués');
INSERT INTO EPISODE_REALISEE_PAR VALUES('Simon','Helberg','Extrapolation de laine froissée');
INSERT INTO EPISODE_REALISEE_PAR VALUES('Kunal','Nayyar','La Résonance de l amour');
--------------------------------------------------------------------------------------------------------------------------------------------------------------------
------------------------------ SERIE FALING SKIES -----------------------------------------------------------------------------------------------------------------
--------------------------------------------------------------------------------------------------------------------------------------------------------------------
------------------------------ SERIE ------------------------------
INSERT INTO SERIE VALUES('Falling Skies',2011,'Etats-Unis');
------------------------------ GENRE ------------------------------
INSERT INTO GENRE_DE_SERIE VALUES(3,'Falling Skies','Science-fiction');
INSERT INTO GENRE_DE_SERIE VALUES(10,'Falling Skies','Comedie');
------------------------------ PRODUCTEUR_SERIE ------------------------------
INSERT INTO SERIE_PRODUITE VALUES('Steven','Spielberg','Falling Skies');
------------------------------ REALISATEUR_SERIE ------------------------------
INSERT INTO SERIE_REALISEE_PAR VALUES('Robert','Rodat','Falling Skies');
------------------------------ SAISON ------------------------------
INSERT INTO SAISONS VALUES(1,'Falling Skies');
INSERT INTO SAISONS VALUES(2,'Falling Skies');
INSERT INTO SAISONS VALUES(3,'Falling Skies');
INSERT INTO SAISONS VALUES(4,'Falling Skies');
INSERT INTO SAISONS VALUES(5,'Falling Skies');
------------------------------ EPISODE ------------------------------
INSERT INTO EPISODES VALUES('Falling Skies',1,'Vivre et apprendre',1,'16-06 -2011 00:42:00','Six mois après une invasion extraterrestre, un groupe armé composé de civils et de militaires résiste près de Boston. Les aliens appelés les "rampants" et les "mécas" enlèvent principalement les enfants.');
INSERT INTO EPISODES VALUES('Falling Skies',1,'Prisonniers de guerre',3,'26-06 -2011 00:42:00','Six mois après une invasion extraterrestre, un groupe armé composé de civils et de militaires résiste près de Boston. Les aliens appelés les "rampants" et les "mécas" enlèvent principalement les enfants.');
INSERT INTO EPISODES VALUES('Falling Skies',2,'Cessez le feu',1,'17-06-2011 00:42:00','Alors que Tom est parti depuis trois mois à bord du vaisseau extraterrestre, Hal et Ben tout en cherchant leur père continuent de servir dans les rangs de la résistance.');
INSERT INTO EPISODES VALUES('Falling Skies',2,'La Boussole',3,'24-06 -2012 00:42:00','Les résistants ont installé leur campement sur un aéroport. Tom est intégré à la bande de Pope afin de surveiller ce dernier. Un avion atterrit subitement.');
INSERT INTO EPISODES VALUES('Falling Skies',3,'La Taupe',1,'09-06-2013 00:42:00','Sept mois après son arrivée à Charleston, Tom Mason est devenu président de la communauté. Les résistants se sont alliés aux Volms, une race d aliens qui peuvent parler anglais et dont la planète a été conquise par les Esphenis.');
INSERT INTO EPISODES VALUES('Falling Skies',3,'La Centrale nucléaire',2,'09-07 -2013 00:42:00','ALes résistants ont installé leur campement sur un aéroport. Tom est intégré à la bande de Pope afin de surveiller ce dernier. Un avion atterrit subitement. ');
INSERT INTO EPISODES VALUES('Falling Skies',4,'Le Justicier fantôme',1,'22-06-2014 00:42:00','La famille Mason est séparée lorsque les Espheni les ont « placés » dans des ghettos. Tom est dans lun dentre eux avec son fils Hal, tandis que sa femme Anne est sur la route avec un groupe de résistants.');
INSERT INTO EPISODES VALUES('Falling Skies',4,'Chasseurs de prime',5,'20-07 -2014 00:42:00','Tom, Matt et Weaver suivent le convoi de Hal grâce au message que celui-ci a laissé sur les murs du camp volm. Tom tombe entre les mains de deux collabos.');
INSERT INTO EPISODES VALUES('Falling Skies',5,'Le Réveil du guerrier',1,'28-06-2015 00:43:00','Aucun resume pour cet episode');
INSERT INTO EPISODES VALUES('Falling Skies',5,'La rage au ventre',2,'05-07 -2015 00:42:00','Après lattaque de Tom Mason sur la lune, les Esphenis sont désorientés et affamés. Ils décident donc d attaquer le camp de la 2ème division. En les repoussant.');
------------------------------ ACTEUR_EPISODES ------------------------------
INSERT INTO ACTEUR_PARTICIPE_EPISODE VALUES ('Noah','Wyle','Vivre et apprendre');
INSERT INTO ACTEUR_PARTICIPE_EPISODE VALUES ('Will','Patton','Vivre et apprendre');
INSERT INTO ACTEUR_PARTICIPE_EPISODE VALUES ('Drew','Roy','Vivre et apprendre');
INSERT INTO ACTEUR_PARTICIPE_EPISODE VALUES ('Noah','Wyle','Prisonniers de guerre');
INSERT INTO ACTEUR_PARTICIPE_EPISODE VALUES ('Moon','Bloodgood','Prisonniers de guerre');
INSERT INTO ACTEUR_PARTICIPE_EPISODE VALUES ('Doug','Jones','Prisonniers de guerre');
INSERT INTO ACTEUR_PARTICIPE_EPISODE VALUES ('Mira','Sorvino','Cessez le feu');
INSERT INTO ACTEUR_PARTICIPE_EPISODE VALUES ('Will','Patton','Cessez le feu');
INSERT INTO ACTEUR_PARTICIPE_EPISODE VALUES ('Drew','Roy','La Boussole');
INSERT INTO ACTEUR_PARTICIPE_EPISODE VALUES ('Noah','Wyle','La Boussole');
INSERT INTO ACTEUR_PARTICIPE_EPISODE VALUES ('Will','Patton','La Taupe');
INSERT INTO ACTEUR_PARTICIPE_EPISODE VALUES ('Drew','Roy','La Taupe');
INSERT INTO ACTEUR_PARTICIPE_EPISODE VALUES ('Drew','Roy','La Centrale nucléaire');
INSERT INTO ACTEUR_PARTICIPE_EPISODE VALUES ('Noah','Wyle','La Centrale nucléaire');
INSERT INTO ACTEUR_PARTICIPE_EPISODE VALUES ('Moon','Bloodgood','La Centrale nucléaire');
INSERT INTO ACTEUR_PARTICIPE_EPISODE VALUES ('Doug','Jones','Le Justicier fantôme');
INSERT INTO ACTEUR_PARTICIPE_EPISODE VALUES ('Mira','Sorvino','Le Justicier fantôme');
INSERT INTO ACTEUR_PARTICIPE_EPISODE VALUES ('Will','Patton','Le Justicier fantôme');
INSERT INTO ACTEUR_PARTICIPE_EPISODE VALUES ('Drew','Roy','Le Justicier fantôme');
INSERT INTO ACTEUR_PARTICIPE_EPISODE VALUES ('Mira','Sorvino','Chasseurs de prime');
INSERT INTO ACTEUR_PARTICIPE_EPISODE VALUES ('Noah','Wyle','Le Réveil du guerrier');
INSERT INTO ACTEUR_PARTICIPE_EPISODE VALUES ('Will','Patton','Le Réveil du guerrier');
INSERT INTO ACTEUR_PARTICIPE_EPISODE VALUES ('Drew','Roy','Le Réveil du guerrier');
INSERT INTO ACTEUR_PARTICIPE_EPISODE VALUES ('Noah','Wyle','La rage au ventre');
INSERT INTO ACTEUR_PARTICIPE_EPISODE VALUES ('Moon','Bloodgood','La rage au ventre');
------------------------------ REALISATEUR_EPISODES ------------------------------
INSERT INTO EPISODE_REALISEE_PAR VALUES('Noah','Wyle','Le Justicier fantôme');
INSERT INTO EPISODE_REALISEE_PAR VALUES('Moon','Bloodgood','Le Réveil du guerrier');

--------------------------------------------------------------------------------------------------------------------------------------------------------------------
------------------------------ Breaking Bad ------------------------------------------------------------------------------------------------------------------------
--------------------------------------------------------------------------------------------------------------------------------------------------------------------
------------------------------ SERIE ------------------------------
INSERT INTO SERIE VALUES('Breaking Bad',2008,'Etats-Unis');
------------------------------ GENRE_DE_SERIE ------------------------------
INSERT INTO GENRE_DE_SERIE VALUES(4,'Breaking Bad','Comedie');
INSERT INTO GENRE_DE_SERIE VALUES(8,'Breaking Bad','Science-fiction');
------------------------------ PRODUCTEUR_SERIE ------------------------------
INSERT INTO SERIE_PRODUITE VALUES('Mark','Johnson','Breaking Bad');
------------------------------ CREATEUR_SERIE ------------------------------
INSERT INTO SERIE_CREEE VALUES('Vince','Gilligan','Breaking Bad','20-01-2008');
------------------------------ REALISATEUR_SERIE ------------------------------
INSERT INTO SERIE_REALISEE_PAR VALUES('Adam','Bernstein','Breaking Bad');
INSERT INTO SERIE_REALISEE_PAR VALUES('Bryan','Cranston','Breaking Bad');
INSERT INTO SERIE_REALISEE_PAR VALUES('Johan','Renck','Breaking Bad');
INSERT INTO SERIE_REALISEE_PAR VALUES('Rian','Johnson','Breaking Bad');
------------------------------ SAISONS ------------------------------
INSERT INTO SAISONS VALUES(1,'Breaking Bad');
INSERT INTO SAISONS VALUES(2,'Breaking Bad');
INSERT INTO SAISONS VALUES(3,'Breaking Bad');
INSERT INTO SAISONS VALUES(4,'Breaking Bad');
INSERT INTO SAISONS VALUES(5,'Breaking Bad');
------------------------------ EPISODES ------------------------------
INSERT INTO EPISODES VALUES('Breaking Bad',1,'Chute libre',1,'20-01 -2008 00:42:00','Walter White, 50 ans, est Professeur de chimie dans un lycée public. Il travaille parallèlement dans une station de lavage de voitures afin de boucler les fins de mois');
INSERT INTO EPISODES VALUES('Breaking Bad',1,'Le choix',3,'27-01 -2008 00:42:00','Walt et Jesse décident de cuisiner dans un camping-car au fond du désert. Jesse prend contact avec un revendeur de drogue, Krazy-8, afin d écouler leur petit stock.');
INSERT INTO EPISODES VALUES('Breaking Bad',2,'Traqués',1,'08-03-2009 00:45:00','Après avoir terminé leur accord avec Tuco dans la casse, Walt et Jesse réalisent que Tuco est fou.');
INSERT INTO EPISODES VALUES('Breaking Bad',2,'Chasse à l homme',2,'15-03-2009 00:44:00','Walt a disparu. Toute sa famille, profondément inquiète, le cherche activement. En réalité, Walt et Jesse ont été enlevés par Tuco qui a paniqué après la disparition de son bras droit et beau-frère, Gonzo.');
INSERT INTO EPISODES VALUES('Breaking Bad',3,'Crash',1,'21-03-2010 00:42:00','Des jumeaux mexicains demandent l aide d une divinité locale mexicaine pour provoquer la mort de « Heisenberg » en affichant son portrait');
INSERT INTO EPISODES VALUES('Breaking Bad',3,'Tensions',2,'28-03-2010 00:46:00','Walt vient récupérer Jesse à sa sortie de cure et lui propose de rester dans son appartement personnel quelque temps.');
INSERT INTO EPISODES VALUES('Breaking Bad',4,'Le Cutter',1,'17-07-2011 00:48:00','Jesse a tué Gale d une balle sous l œil gauche. Victor, l homme de main de Gustavo retrouve le jeune homme, en état de choc, et le ramène au labo où Mike détient Walter.');
INSERT INTO EPISODES VALUES('Breaking Bad',4,'Snub 38',2,'24-07 -2011 00:41:06','Walt se procure une arme dans l idée de se débarrasser de Gus et finit par demander de l aide auprès de Mike, qui refuse en le tabassant.');
INSERT INTO EPISODES VALUES('Breaking Bad',5,'Vivre libre ou mourir',1,'15-07-2012 00:42:00','Walt s assure que rien ne pourra mener Hank sur ses traces. Quelques jours après avoir brûlé le labo, il repense aux caméras de surveillance dont il existe certainement des enregistrements vidéo');
INSERT INTO EPISODES VALUES('Breaking Bad',5,'Madrigal',2,'22-07-2012 00:42:00','Continuant l enquête et tirant parti de la liste cachée retrouvée après le sabotage du dépôt des scellés');
------------------------------ ACTEUR_EPISODES ------------------------------
INSERT INTO ACTEUR_PARTICIPE_EPISODE VALUES ('Krysten','Ritter','Chute libre');
INSERT INTO ACTEUR_PARTICIPE_EPISODE VALUES ('Bryan','Craston','Chute libre');
INSERT INTO ACTEUR_PARTICIPE_EPISODE VALUES ('Aeron','Paul','Chute libre');
INSERT INTO ACTEUR_PARTICIPE_EPISODE VALUES ('Dean','Norris','Chute libre');
INSERT INTO ACTEUR_PARTICIPE_EPISODE VALUES ('Anna','Gunn','Chute libre');
INSERT INTO ACTEUR_PARTICIPE_EPISODE VALUES ('Krysten','Ritter','Le choix');
INSERT INTO ACTEUR_PARTICIPE_EPISODE VALUES ('Bryan','Craston','Le choix');
INSERT INTO ACTEUR_PARTICIPE_EPISODE VALUES ('Aeron','Paul','Le choix');
INSERT INTO ACTEUR_PARTICIPE_EPISODE VALUES ('Dean','Norris','Le choix');
INSERT INTO ACTEUR_PARTICIPE_EPISODE VALUES ('Anna','Gunn','Le choix');
INSERT INTO ACTEUR_PARTICIPE_EPISODE VALUES ('Bryan','Craston','Traqués');
INSERT INTO ACTEUR_PARTICIPE_EPISODE VALUES ('Aeron','Paul','Traqués');
INSERT INTO ACTEUR_PARTICIPE_EPISODE VALUES ('Dean','Norris','Traqués');
INSERT INTO ACTEUR_PARTICIPE_EPISODE VALUES ('Anna','Gunn','Traqués');
INSERT INTO ACTEUR_PARTICIPE_EPISODE VALUES ('Raymon','Cruz','Traqués');
INSERT INTO ACTEUR_PARTICIPE_EPISODE VALUES ('Bryan','Craston','Chasse à l homme');
INSERT INTO ACTEUR_PARTICIPE_EPISODE VALUES ('Aeron','Paul','Chasse à l homme');
INSERT INTO ACTEUR_PARTICIPE_EPISODE VALUES ('Dean','Norris','Chasse à l homme');
INSERT INTO ACTEUR_PARTICIPE_EPISODE VALUES ('Raymon','Cruz','Chasse à l homme');
INSERT INTO ACTEUR_PARTICIPE_EPISODE VALUES ('Raymon','Cruz','Crash');
INSERT INTO ACTEUR_PARTICIPE_EPISODE VALUES ('Dean','Norris','Crash');
INSERT INTO ACTEUR_PARTICIPE_EPISODE VALUES ('Anna','Gunn','Crash');
INSERT INTO ACTEUR_PARTICIPE_EPISODE VALUES ('Bryan','Craston','Crash');
INSERT INTO ACTEUR_PARTICIPE_EPISODE VALUES ('Bryan','Craston','Tensions');
INSERT INTO ACTEUR_PARTICIPE_EPISODE VALUES ('Aeron','Paul','Tensions');
INSERT INTO ACTEUR_PARTICIPE_EPISODE VALUES ('Dean','Norris','Tensions');
INSERT INTO ACTEUR_PARTICIPE_EPISODE VALUES ('Raymon','Cruz','Tensions');
INSERT INTO ACTEUR_PARTICIPE_EPISODE VALUES ('Anna','Gunn','Tensions');
INSERT INTO ACTEUR_PARTICIPE_EPISODE VALUES ('Bryan','Craston','Le Cutter');
INSERT INTO ACTEUR_PARTICIPE_EPISODE VALUES ('Aeron','Paul','Le Cutter');
INSERT INTO ACTEUR_PARTICIPE_EPISODE VALUES ('Anna','Gunn','Le Cutter');
INSERT INTO ACTEUR_PARTICIPE_EPISODE VALUES ('Dean','Norris','Le Cutter');
INSERT INTO ACTEUR_PARTICIPE_EPISODE VALUES ('Jere','Burns','Le Cutter');
INSERT INTO ACTEUR_PARTICIPE_EPISODE VALUES ('Aeron','Paul','Snub 38');
INSERT INTO ACTEUR_PARTICIPE_EPISODE VALUES ('Anna','Gunn','Snub 38');
INSERT INTO ACTEUR_PARTICIPE_EPISODE VALUES ('Dean','Norris','Snub 38');
INSERT INTO ACTEUR_PARTICIPE_EPISODE VALUES ('Jere','Burns','Snub 38');
INSERT INTO ACTEUR_PARTICIPE_EPISODE VALUES ('Bryan','Craston','Snub 38');
INSERT INTO ACTEUR_PARTICIPE_EPISODE VALUES ('Bryan','Craston','Vivre libre ou mourir');
INSERT INTO ACTEUR_PARTICIPE_EPISODE VALUES ('Anna','Gunn','Vivre libre ou mourir');
INSERT INTO ACTEUR_PARTICIPE_EPISODE VALUES ('Dean','Norris','Vivre libre ou mourir');
INSERT INTO ACTEUR_PARTICIPE_EPISODE VALUES ('Jim','Beaver','Vivre libre ou mourir');
INSERT INTO ACTEUR_PARTICIPE_EPISODE VALUES ('Aeron','Paul','Madrigal');
INSERT INTO ACTEUR_PARTICIPE_EPISODE VALUES ('Dean','Norris','Madrigal');
INSERT INTO ACTEUR_PARTICIPE_EPISODE VALUES ('Jim','Beaver','Madrigal');
INSERT INTO ACTEUR_PARTICIPE_EPISODE VALUES ('Bryan','Craston','Madrigal');
------------------------------ REALISATEUR_EPISODES ------------------------------
INSERT INTO EPISODE_REALISEE_PAR VALUES('Bryan','Cranston','Chute libre');
INSERT INTO EPISODE_REALISEE_PAR VALUES('Johan','Renck','Le choix');
INSERT INTO EPISODE_REALISEE_PAR VALUES('Bryan','Cranston','Le choix');

--------------------------------------------------------------------------------------------------------------------------------------------------------------------
----------------------------------------------------serie Adrien le sauveurs du monde-------------------------------------------------------------------------------
--------------------------------------------------------------------------------------------------------------------------------------------------------------------
------------------------------ SERIE ------------------------------
INSERT INTO SERIE VALUES('Adrien le sauveur du monde',1988,'Japon');
------------------------------ GENRE ------------------------------
INSERT INTO GENRE_DE_SERIE VALUES(5,'Adrien le sauveur du monde','Aventure');
------------------------------ PRODUCTEUR_SERIE ------------------------------
INSERT INTO SERIE_PRODUITE VALUES('Hideharu','Luchu','Adrien le sauveur du monde');
------------------------------ SAISON ------------------------------
INSERT INTO SAISONS VALUES(1,'Adrien le sauveur du monde');
------------------------------ EPISODES ------------------------------
INSERT INTO EPISODES VALUES('Adrien le sauveur du monde',1,'Les sept mondes',1,'15-04-1988 00:22:00','Champs vide en ce moment');
INSERT INTO EPISODES VALUES('Adrien le sauveur du monde',1,'Première mission',2,'24-04-1988 00:23:05','Champs vide en ce moment');
INSERT INTO EPISODES VALUES('Adrien le sauveur du monde',1,'Tendre bleu',3,'24-07 -1988 00:22:38','Champs vide en ce moment');
INSERT INTO EPISODES VALUES('Adrien le sauveur du monde',1,'Tanker',4,'24-01 -1999 00:20:00','Champs vide en ce moment');
INSERT INTO EPISODES VALUES('Adrien le sauveur du monde',1,'La super flute',5,'02-02 -1989 00:25:09','Champs vide en ce moment');
INSERT INTO EPISODES VALUES('Adrien le sauveur du monde',1,'Le loup de la foret',6,'28-03 -1989 00:23:00','Champs vide en ce moment');
------------------------------ ACTEUR_EPISODES ------------------------------
INSERT INTO ACTEUR_PARTICIPE_EPISODE VALUES ('Mayumi','Tanaka','Les sept mondes');
INSERT INTO ACTEUR_PARTICIPE_EPISODE VALUES ('Tomomichi','Nichimura','Les sept mondes');
INSERT INTO ACTEUR_PARTICIPE_EPISODE VALUES ('Jeda','Tessho','Les sept mondes');
INSERT INTO ACTEUR_PARTICIPE_EPISODE VALUES ('Mayumi','Tanaka','Première mission');
INSERT INTO ACTEUR_PARTICIPE_EPISODE VALUES ('Jeda','Tessho','Première mission');
INSERT INTO ACTEUR_PARTICIPE_EPISODE VALUES ('Kasu','Ikura','Première mission');
INSERT INTO ACTEUR_PARTICIPE_EPISODE VALUES ('Nader','Boussandel','Première mission');
INSERT INTO ACTEUR_PARTICIPE_EPISODE VALUES ('Tomomichi','Nichimura','Tendre bleu');
INSERT INTO ACTEUR_PARTICIPE_EPISODE VALUES ('Jeda','Tessho','Tendre bleu');
INSERT INTO ACTEUR_PARTICIPE_EPISODE VALUES ('Mayumi','Tanaka','Tanker');
INSERT INTO ACTEUR_PARTICIPE_EPISODE VALUES ('Kasu','Ikura','Tanker');
INSERT INTO ACTEUR_PARTICIPE_EPISODE VALUES ('Mayumi','Tanaka','La super flute');
INSERT INTO ACTEUR_PARTICIPE_EPISODE VALUES ('Jeda','Tessho','La super flute');
INSERT INTO ACTEUR_PARTICIPE_EPISODE VALUES ('Kasu','Ikura','La super flute');
INSERT INTO ACTEUR_PARTICIPE_EPISODE VALUES ('Mayumi','Tanaka','Le loup de la foret');
INSERT INTO ACTEUR_PARTICIPE_EPISODE VALUES ('Tomomichi','Nichimura','Le loup de la foret');
INSERT INTO ACTEUR_PARTICIPE_EPISODE VALUES ('Jeda','Tessho','Le loup de la foret');
------------------------------ REALISATEUR_EPISODES ------------------------------
INSERT INTO EPISODE_REALISEE_PAR VALUES('Tomomichi','Nichimura','Première mission');

--------------------------------------------------------------------------------------------------------------------------------------------------------------------
----------------------------------------------------  serie Skam France --------------------------------------------------------------------------------------------
--------------------------------------------------------------------------------------------------------------------------------------------------------------------
------------------------------ SERIE ------------------------------
INSERT INTO SERIE VALUES('Skam France',2018,'France');
------------------------------ GENRE ------------------------------
INSERT INTO GENRE_DE_SERIE VALUES(6,'Skam France','Drame');
------------------------------ REALISATEUR_SERIE ------------------------------
INSERT INTO SERIE_REALISEE_PAR VALUES('David','Hourregue','Skam France');
INSERT INTO SERIE_REALISEE_PAR VALUES('Axel','Auriant','Skam France');
------------------------------ CREATEUR_SERIE ------------------------------
INSERT INTO SERIE_CREEE VALUES('Julie','Andem','Skam France','09-02-2018');
------------------------------ SAISONS --------------------------------------
INSERT INTO SAISONS VALUES(1,'Skam France');
INSERT INTO SAISONS VALUES(2,'Skam France');
INSERT INTO SAISONS VALUES(3,'Skam France');
------------------------------ EPISODES -------------------------------------
INSERT INTO EPISODES VALUES('Skam France',1,'Seule au monde',1,'09-02 -2018 00:34:00','Emma ne côtoie plus que Yann (son petit ami) et Lucas depuis son embrouille avec ses deux anciennes amies Sara et Ingrid. Elle réussit à se faire inviter à une soirée par le biais d Océane et Igor qu elle rencontre à la bibliothèque.');
INSERT INTO EPISODES VALUES('Skam France',1,'Ajouter un ami',2,'16-02 -2018 00:35:00','Emma et ses nouvelles amies Daphné, Manon, Alexia et Imane vont tenter par tous les moyens d organiser la plus grosse soirée mais pour y arriver, elles auront besoin d argent');
INSERT INTO EPISODES VALUES('Skam France',1,'Un plan béton',3,'23-02 -2018 00:35:09','Imane est convaincue que pour réussir à organiser la plus grosse soirée, la présence des garçons de terminales est obligatoire et la séparation de Yann et Emma également quand elle apprend qu elle se fait draguer par Alexandre Delano');
INSERT INTO EPISODES VALUES('Skam France',2,'Laisse Daphné tranquille',1,'14-04 -2018 00:33:00','Manon essaie tant bien que mal de gérer sa vie en colocation avec son ami Mickaël et sa cousine Lisa tout en évitant Charles qui se montre très tenace vis-à-vis d elle mais elle finit par accepter de sortir avec lui.');
INSERT INTO EPISODES VALUES('Skam France',2,'Et laisse-moi aussi',2,'20-04 -2018 00:36:00','Pas de resume por cet episode');
INSERT INTO EPISODES VALUES('Skam France',3,'Je croix que je suis amoureux',1,'25-01 -2019 00:36:48','Emma est  amoureuse');
INSERT INTO EPISODES VALUES('Skam France',3,'La curiosité',2,'01-02 -2019 00:32:00','Quand la curiosité frappe a la porte');
INSERT INTO EPISODES VALUES('Skam France',3,'Infiltration',3,'08-02 -2019 00:34:09','Pas encore de resume');
------------------------------ ACTEUR_EPISODES ------------------------------
INSERT INTO ACTEUR_PARTICIPE_EPISODE VALUES ('Marilyn','Lima','Seule au monde');
INSERT INTO ACTEUR_PARTICIPE_EPISODE VALUES ('Axel','Auriant','Seule au monde');
INSERT INTO ACTEUR_PARTICIPE_EPISODE VALUES ('Marilyn','Lima','Ajouter un ami');
INSERT INTO ACTEUR_PARTICIPE_EPISODE VALUES ('Olivia','Cote','Ajouter un ami');
INSERT INTO ACTEUR_PARTICIPE_EPISODE VALUES ('Axel','Auriant','Ajouter un ami');
INSERT INTO ACTEUR_PARTICIPE_EPISODE VALUES ('Olivia','Cote','Un plan béton');
INSERT INTO ACTEUR_PARTICIPE_EPISODE VALUES ('Marilyn','Lima','Un plan béton');
INSERT INTO ACTEUR_PARTICIPE_EPISODE VALUES ('Axel','Auriant','Un plan béton');
INSERT INTO ACTEUR_PARTICIPE_EPISODE VALUES ('Marilyn','Lima','La curiosité');
INSERT INTO ACTEUR_PARTICIPE_EPISODE VALUES ('Axel','Auriant','La curiosité');
INSERT INTO ACTEUR_PARTICIPE_EPISODE VALUES ('Marilyn','Lima','Infiltration');
INSERT INTO ACTEUR_PARTICIPE_EPISODE VALUES ('Axel','Auriant','Infiltration');
INSERT INTO ACTEUR_PARTICIPE_EPISODE VALUES ('Emma','Bazin','Infiltration');
INSERT INTO ACTEUR_PARTICIPE_EPISODE VALUES ('Nader','Boussandel','La curiosité');
INSERT INTO ACTEUR_PARTICIPE_EPISODE VALUES ('Marilyn','Lima','Et laisse-moi aussi');
INSERT INTO ACTEUR_PARTICIPE_EPISODE VALUES ('Axel','Auriant','Et laisse-moi aussi');
INSERT INTO ACTEUR_PARTICIPE_EPISODE VALUES ('Axel','Auriant','Laisse Daphné tranquille');
INSERT INTO ACTEUR_PARTICIPE_EPISODE VALUES ('Marilyn','Lima','Laisse Daphné tranquille');
INSERT INTO ACTEUR_PARTICIPE_EPISODE VALUES ('Manon','Gaurin','Laisse Daphné tranquille');
INSERT INTO ACTEUR_PARTICIPE_EPISODE VALUES ('Emma','Bazin','Laisse Daphné tranquille');
INSERT INTO ACTEUR_PARTICIPE_EPISODE VALUES ('Marilyn','Lima','Je croix que je suis amoureux');
INSERT INTO ACTEUR_PARTICIPE_EPISODE VALUES ('Axel','Auriant','Je croix que je suis amoureux');
INSERT INTO ACTEUR_PARTICIPE_EPISODE VALUES ('Emma','Bazin','Je croix que je suis amoureux');


--------------------------------------------------------------------------------------------------------------------------------------------------------------------
----------------------------------------------------Serie Cardinal--------------------------------------------------------------------------------------------------
--------------------------------------------------------------------------------------------------------------------------------------------------------------------
------------------------------ SERIE ------------------------------
INSERT INTO SERIE VALUES('Cardinal',2017,'Canada');
------------------------------ GENRE ------------------------------
INSERT INTO GENRE_DE_SERIE VALUES(7,'Cardinal','Policier');
------------------------------ CREATEUR_SERIE ------------------------------
INSERT INTO SERIE_CREEE VALUES('Aubrey','Nealon','Cardinal','25-01-2017');
------------------------------ SAISON ------------------------------
INSERT INTO SAISONS VALUES(1,'Cardinal');
INSERT INTO SAISONS VALUES(2,'Cardinal');
INSERT INTO SAISONS VALUES(3,'Cardinal');
------------------------------ EPISODES ------------------------------
INSERT INTO EPISODES VALUES('Cardinal',1,'Cardinal',1,'25-01-2017 00:42:00',' Le corps mutilé d une adolescente disparue depuis plusieurs semaines est retrouvé dans le puits d une mine désaffectée, dans l Ontario. John Cardinal, inspecteur de la brigade criminelle est chargé de l enquête. Il est secondé par Lise Delorme, nouvellement promue dans le service. Cardinal est convaincu que le meurtrier est un tueur en série.');
INSERT INTO EPISODES VALUES('Cardinal',1,'Delorme',2,'25-01-2017 00:41:00','John Cardinal et Lise Delorme se rendent à Toronto afin d assister à l autopsie de Todd Curry, un adolescent qui a été sauvagement agressé. Les deux policiers retrouvent une bande enregistrées qui confirme l existence d un lien entre les deux meurtres. De retour à Angonquin Bay, Lise doit composer avec la jalousie de son fiancé qui supporte mal la solitude. ');
INSERT INTO EPISODES VALUES('Cardinal',1,'Edie and Eric',3,'26-01-2017 00:44:00','Un jeune couple a kidnappé un certain Keith London, près d Algonquin Bay. Drogué, l homme est torturé. Pendant ce temps, Lise Delorme se montre circonspecte sur le comportement de John Cardinal au sujet de l affaire Corbett. Keith London tente par tous les moyens de s échapper.');
INSERT INTO EPISODES VALUES('Cardinal',1,'Woody',4,'27-01-2017 00:43:00','Delorme sollicite l aide d un ami de Cardinal, le détective Jerry Commanda, pour éclaircir l affaire de blanchiment d argent couverte par le casino. Cardinal et Delorme s emploient à retrouver le chemin parcouru par Keith, assemblant les pièces du puzzle mais sans parvenir à identifier le suspect. De retour chez lui, Cardinal a la désagréable surprise de trouver Josh, saoul et agressif, lui imputant la responsabilité du changement de comportement de sa femme, Lisa.');
INSERT INTO EPISODES VALUES('Cardinal',2,'Red',1,'04-01-2018 00:43:00','A Algonquin Bay, alors que la saison estivale débute, amenant son cortège annuel de mouches noires, John Cardinal et Lise Delorme sont confrontés à une étrange affaire. Une jeune femme rousse a perdu tous ses souvenirs et ne se rappelle même plus de son nom après avoir reçu une balle dans la tête. Le visage de la victime a été attaqué par les insectes, qui y ont laissé de nombreuses piqûres.');
INSERT INTO EPISODES VALUES('Cardinal',2,'Kevin',2,'12-01-2018 00:42:00','John Cardinal et Lise Delorme poursuivent leur enquête sur la jeune femme rousse, amnésique, retrouvée avec une balle dans le crâne. Très vite, ils trouvent des indices qui les mènent sur la piste d un gang de motards qui sillonnent les rues d Algonquin Bay. Mais au cours de leurs investigations, les deux membres de la Brigade criminelle, alertés par des essaims de mouches noires, découvrent le corps d un motard, complètement démembré.');
INSERT INTO EPISODES VALUES('Cardinal',2,'Terri',3,'17-01-2018 00:39:00','Alors qu à Algonquin Bay, à l instar des mouches noires, les victimes commencent à se multiplier, Cardinal et Delorme continuent de chercher l identité de la jeune femme rousse, amnésique et sans papiers, retrouvée dans les bois du nord de l Ontario avec une balle dans la tête. Les deux enquêteurs parviennent enfin à remonter une piste et à découvrir qui est cette mystérieuse inconnue et ce qu elle faisait là. Las, les deux policiers ne sont pas les seuls à s intéresser à elle.');
INSERT INTO EPISODES VALUES('Cardinal',3,'Sam',1,'25-01-2019 00:43:00','Catherine Cardinal est morte et tout porte à croire qu elle s est suicidée, mais Cardinal doute. Il mène son enquête pour comprendre ce qui est arrivé à sa femme. Parallèlement, des meurtres sont commis dans une maison inoccupée, mais les corps ont disparu.');
INSERT INTO EPISODES VALUES('Cardinal',3,'Roman et Irena',2,'24-01-2019 00:41:00','Ayant assisté impuissante au suicide d un jeune homme, Dyson est profondément choquée. L enquête sur les disparus se concentre sur le lac, et les corps sont finalement retrouvés. Il s agit du couple Barstow, venus dans la région à l occasion du salon de la chasse.');
INSERT INTO EPISODES VALUES('Cardinal',3,'Jack',3,'25-01-2019 00:44:00','Wendy se sent menacée par l assassin et tente de convaincre Randall de contacter la police. Mais celui-ci ne veut pas mettre son mariage et sa carrière en péril en révélant son aventure. Une étrange famille s installe dans une maison autour du lac.');
INSERT INTO EPISODES VALUES('Cardinal',3,'Lemur',4,'26-01-2019 00:42:00','De nouvelles preuves permettent à Cardinal et Delorme de comprendre ce qui a motivé les meutres.');
------------------------------ ACTEUR_EPISODES ------------------------------
INSERT INTO ACTEUR_PARTICIPE_EPISODE VALUES ('Marilyn','Lima','Cardinal');
INSERT INTO ACTEUR_PARTICIPE_EPISODE VALUES ('Axel','Auriant','Cardinal');
INSERT INTO ACTEUR_PARTICIPE_EPISODE VALUES ('Marilyn','Lima','Delorme');
INSERT INTO ACTEUR_PARTICIPE_EPISODE VALUES ('Olivia','Cote','Delorme');
INSERT INTO ACTEUR_PARTICIPE_EPISODE VALUES ('Axel','Auriant','Delorme');
INSERT INTO ACTEUR_PARTICIPE_EPISODE VALUES ('Olivia','Cote','Edie and Eric');
INSERT INTO ACTEUR_PARTICIPE_EPISODE VALUES ('Marilyn','Lima','Edie and Eric');
INSERT INTO ACTEUR_PARTICIPE_EPISODE VALUES ('Axel','Auriant','Edie and Eric');
INSERT INTO ACTEUR_PARTICIPE_EPISODE VALUES ('Marilyn','Lima','Woody');
INSERT INTO ACTEUR_PARTICIPE_EPISODE VALUES ('Axel','Auriant','Woody');
INSERT INTO ACTEUR_PARTICIPE_EPISODE VALUES ('Marilyn','Lima','Red');
INSERT INTO ACTEUR_PARTICIPE_EPISODE VALUES ('Axel','Auriant','Red');
INSERT INTO ACTEUR_PARTICIPE_EPISODE VALUES ('Emma','Bazin','Woody');
INSERT INTO ACTEUR_PARTICIPE_EPISODE VALUES ('Nader','Boussandel','Kevin');
INSERT INTO ACTEUR_PARTICIPE_EPISODE VALUES ('Marilyn','Lima','Kevin');
INSERT INTO ACTEUR_PARTICIPE_EPISODE VALUES ('Axel','Auriant','Kevin');
INSERT INTO ACTEUR_PARTICIPE_EPISODE VALUES ('Axel','Auriant','Terri');
INSERT INTO ACTEUR_PARTICIPE_EPISODE VALUES ('Axel','Auriant','Sam');
INSERT INTO ACTEUR_PARTICIPE_EPISODE VALUES ('Olivia','Cote','Sam');
INSERT INTO ACTEUR_PARTICIPE_EPISODE VALUES ('Marilyn','Lima','Sam');
INSERT INTO ACTEUR_PARTICIPE_EPISODE VALUES ('Axel','Auriant','Jack');
INSERT INTO ACTEUR_PARTICIPE_EPISODE VALUES ('Marilyn','Lima','Jack');
INSERT INTO ACTEUR_PARTICIPE_EPISODE VALUES ('Marilyn','Lima','Lemur');
INSERT INTO ACTEUR_PARTICIPE_EPISODE VALUES ('Axel','Auriant','Lemur');
INSERT INTO ACTEUR_PARTICIPE_EPISODE VALUES ('Emma','Bazin','Lemur');
INSERT INTO ACTEUR_PARTICIPE_EPISODE VALUES ('Marilyn','Lima','Roman et Irena');
INSERT INTO ACTEUR_PARTICIPE_EPISODE VALUES ('Axel','Auriant','Roman et Irena');
INSERT INTO ACTEUR_PARTICIPE_EPISODE VALUES ('Olivia','Cote','Roman et Irena');
------------------------------ REALISATEUR_EPISODES ------------------------------
INSERT INTO EPISODE_REALISEE_PAR VALUES('Olivia','Cote','Lemur');
INSERT INTO EPISODE_REALISEE_PAR VALUES('Marilyn','Lima','Roman et Irena');


--------------------------------------------------------------------------------------------------------------------------------------------------------------------------------------------------------------
--------------------------------------------------------------------------------------------------------------------------------------------------------------------------------------------------------------

------------------------------ UTILISATEURS ------------------------------
INSERT INTO UTILISATEURS VALUES('Parker H47','22-10-2008',33,'M');
INSERT INTO UTILISATEURS VALUES('Titi Gory','05-11-2010',24,'F');
INSERT INTO UTILISATEURS VALUES('Nzanoa','02-01-2018',18,'F');
INSERT INTO UTILISATEURS VALUES('Ady Boy','12-10-2011',25,'M');
INSERT INTO UTILISATEURS VALUES('Helene Lucka','17-07-2014',23,'F');
INSERT INTO UTILISATEURS VALUES('Djoudja cookie','22-03-2016',28,'F');
INSERT INTO UTILISATEURS VALUES('Limo Jako','30-09-2013',25,'M');
INSERT INTO UTILISATEURS VALUES('Bestara Smith','27-02-2019',19,'F');
INSERT INTO UTILISATEURS VALUES('Azrod95','18-05-2017',22,'M');

------------------------------ AVIS_SERIE ------------------------------
INSERT INTO AVIS_SERIE VALUES('Parker H47','Atelier',7,'12-10-2015','Amazing concept');
INSERT INTO AVIS_SERIE (PSEUDO,TITRE_SERIE,NOTE,DATE_AVIS) VALUES('Parker H47','Breaking Bad',9,'07-05-2009');
INSERT INTO AVIS_SERIE (PSEUDO,TITRE_SERIE,NOTE,DATE_AVIS) VALUES('Parker H47','Falling Skies',8,'28-12-2011');
INSERT INTO AVIS_SERIE VALUES('Ady Boy','Breaking Bad',9,'09-05-2009','excellente serie');
INSERT INTO AVIS_SERIE (PSEUDO,TITRE_SERIE,NOTE,DATE_AVIS) VALUES ('Ady Boy','Falling Skies',4,'18-11-2011');
INSERT INTO AVIS_SERIE (PSEUDO,TITRE_SERIE,NOTE,DATE_AVIS) VALUES('Ady Boy','Skam France',7,'18-11-2018');
INSERT INTO AVIS_SERIE (PSEUDO,TITRE_SERIE,NOTE,DATE_AVIS) VALUES('Ady Boy','Cardinal',8,'18-11-2018');
INSERT INTO AVIS_SERIE VALUES('Azrod95','Skam France',8,'18-11-2018','Série pour ado.');
INSERT INTO AVIS_SERIE (PSEUDO,TITRE_SERIE,NOTE,DATE_AVIS) VALUES('Azrod95','Atelier',1,'29-06-2015');
INSERT INTO AVIS_SERIE (PSEUDO,TITRE_SERIE,NOTE,DATE_AVIS) VALUES('Azrod95','Cardinal',7,'29-06-2017');
INSERT INTO AVIS_SERIE VALUES('Titi Gory','Skam France',9.9,'04-08-2018','Personnage très attachant, histoire qui donne des larmes');
INSERT INTO AVIS_SERIE (PSEUDO,TITRE_SERIE,NOTE,DATE_AVIS) VALUES('Titi Gory','Atelier',8.5,'24-07-2015');
INSERT INTO AVIS_SERIE (PSEUDO,TITRE_SERIE,NOTE,DATE_AVIS) VALUES('Titi Gory','Cardinal',9,'24-07-2018');
INSERT INTO AVIS_SERIE VALUES('Titi Gory','Falling Skies',7,'09-02-2019','Bonne serie mais j aime pas la qualité des images.');
INSERT INTO AVIS_SERIE (PSEUDO,TITRE_SERIE,NOTE,DATE_AVIS) VALUES('Limo Jako','Falling Skies',8,'13-12-2012');
INSERT INTO AVIS_SERIE (PSEUDO,TITRE_SERIE,NOTE,DATE_AVIS) VALUES('Limo Jako','Breaking Bad',9.9,'07-03-2010');
INSERT INTO AVIS_SERIE (PSEUDO,TITRE_SERIE,NOTE,DATE_AVIS) VALUES('Helene Lucka','Skam France',7,'09-11-2019');
INSERT INTO AVIS_SERIE  (PSEUDO,TITRE_SERIE,NOTE,DATE_AVIS) VALUES('Helene Lucka','Falling Skies',8,'13-08-2012');
INSERT INTO AVIS_SERIE VALUES('Helene Lucka','Breaking Bad',6,'29-03-2019','Une série molle ! Des longueurs interminables !');
INSERT INTO AVIS_SERIE (PSEUDO,TITRE_SERIE,NOTE,DATE_AVIS) VALUES('Limo Jako','Cardinal',8,'13-12-2019');
INSERT INTO AVIS_SERIE (PSEUDO,TITRE_SERIE,NOTE,DATE_AVIS) VALUES('Djoudja cookie','Adrien le sauveur du monde',8,'01-01-2010');
INSERT INTO AVIS_SERIE VALUES('Djoudja cookie','Atelier',8,'10-10-2016','Parfaite.');
INSERT INTO AVIS_SERIE (PSEUDO,TITRE_SERIE,NOTE,DATE_AVIS) VALUES('Djoudja cookie','Breaking Bad',6,'07-03-2010');
INSERT INTO AVIS_SERIE (PSEUDO,TITRE_SERIE,NOTE,DATE_AVIS) VALUES('Djoudja cookie','Skam France',7,'09-03-2015');
INSERT INTO AVIS_SERIE (PSEUDO,TITRE_SERIE,NOTE,DATE_AVIS) VALUES('Djoudja cookie','Falling Skies',9.5,'17-02-2018');
INSERT INTO AVIS_SERIE (PSEUDO,TITRE_SERIE,NOTE,DATE_AVIS) VALUES('Djoudja cookie','Cardinal',7.4,'07-09-2019');
INSERT INTO AVIS_SERIE (PSEUDO,TITRE_SERIE,NOTE,DATE_AVIS) VALUES('Djoudja cookie','Big Bang Theory',7.4,'22-01-2020');
INSERT INTO AVIS_SERIE (PSEUDO,TITRE_SERIE,NOTE,DATE_AVIS) VALUES('Nzanoa','Breaking Bad',9,'09-05-2009');
INSERT INTO AVIS_SERIE (PSEUDO,TITRE_SERIE,NOTE,DATE_AVIS) VALUES('Nzanoa','Falling Skies',8,'28-12-2011');
INSERT INTO AVIS_SERIE VALUES('Nzanoa','Atelier',0,'24-07-2015','Convient parfaitement pour s endormir sur son camapé');
------------------------------ AVIS_EPISODE ------------------------------
INSERT INTO AVIS_EPISODE (PSEUDO,TITRE_EPISODE,NOTE,DATE_AVIS) VALUES('Parker H47','Un style bien à soi',7,'12/10/2010');
INSERT INTO AVIS_EPISODE (PSEUDO,TITRE_EPISODE,NOTE,DATE_AVIS) VALUES('Parker H47','SOS Lingerie',7,'12/10/2010');
INSERT INTO AVIS_EPISODE VALUES('Parker H47','Chute libre',9.9,'07/05/2009','Cope le souffle!!');
INSERT INTO AVIS_EPISODE VALUES('Ady Boy','Le choix',9,'09-05-2009','Une idée vraiment très originale sur un professeur de chimie qui tombe malade et qui pour financer ses soins produits une meth extrêmement pure.');
INSERT INTO AVIS_EPISODE (PSEUDO,TITRE_EPISODE,NOTE,DATE_AVIS) VALUES('Ady Boy','Tensions',7,'30-04-2010');
INSERT INTO AVIS_EPISODE (PSEUDO,TITRE_EPISODE,NOTE,DATE_AVIS) VALUES('Limo Jako','Vivre et apprendre',8,'13-12-2011');
INSERT INTO AVIS_EPISODE VALUES('Djoudja cookie','Les sept mondes',4,'30-04-2017','Sceines répetetives, Aucun interet pour cet episode!!!!');
------------------------------ FORUM ------------------------------
INSERT INTO FORUM (NUM_F,PSEUDO1,MESSAGE,DATE_ENVOIE,TYPE_MESSAGE) VALUES(1,'Azrod95','Quels sont les films que vous avez vu plusieurs fois, principalement parce qu ils vous ont particulièrement plu','25-01-2009','Init');
INSERT INTO FORUM (NUM_F,PSEUDO1,PSEUDO2,TITRE_SERIE,MESSAGE,DATE_ENVOIE,TYPE_MESSAGE) VALUES(2,'Titi Gory','Azrod95','Skam France','Skam France que j ai regardé plus de trois fois, parce que jai adoré bien sur mais aussi parce que je n avais pas saisi certaines choses au premier visionnage.','26-01-2009','Re');
INSERT INTO FORUM (NUM_F,PSEUDO1,PSEUDO2,MESSAGE,DATE_ENVOIE,TYPE_MESSAGE) VALUES(3,'Limo Jako','Azrod95','Coucou ! Jusqu’à présent, je n ai visionné que deux films plus d une fois:Atelier et The Big Bang Theory','27-01-2009','Re');
INSERT INTO FORUM (NUM_F,PSEUDO1,PSEUDO2,MESSAGE,DATE_ENVOIE,TYPE_MESSAGE) VALUES(4,'Parker H47','Azrod95','Adrin le sauveur du monde m a littéralement coupé le souffle… D’ailleurs, Wonder Woman fait aussi partie de mes films préféré','27-01-2009','Re');
INSERT INTO FORUM (NUM_F,PSEUDO1,PSEUDO2,MESSAGE,DATE_ENVOIE,TYPE_MESSAGE) VALUES(5,'Djoudja cookie','Azrod95','True detective','29-01-2017','Re');
INSERT INTO FORUM (NUM_F,PSEUDO1,PSEUDO2,MESSAGE,DATE_ENVOIE,TYPE_MESSAGE) VALUES(6,'Helene Lucka','Azrod95','The Wire','12-02-2017','Re');
INSERT INTO FORUM (NUM_F,PSEUDO1,PSEUDO2,MESSAGE,DATE_ENVOIE,TYPE_MESSAGE) VALUES(7,'Nzanoa','Azrod95','The Fringe','07-03-2017','Re');
INSERT INTO FORUM (NUM_F,PSEUDO1,TITRE_SERIE,MESSAGE,DATE_ENVOIE,TYPE_MESSAGE) VALUES(8,'Ady Boy','Breaking Bad','Hello les amis, vous ne savez pas si y aura une saison 5 de la serie Breaking Bad?','13-04-2012','Init');
INSERT INTO FORUM (NUM_F,PSEUDO1,PSEUDO2,TITRE_SERIE,MESSAGE,DATE_ENVOIE,TYPE_MESSAGE) VALUES(9,'Helene Lucka','Ady Boy','Breaking Bad','J ai tellement adoré cette serie, j espere juste que la suite sortira prochainement.','17-04-2012','Re');
INSERT INTO FORUM (NUM_F,PSEUDO1,PSEUDO2,TITRE_SERIE,MESSAGE,DATE_ENVOIE,TYPE_MESSAGE) VALUES(10,'Azrod95','Ady Boy','Breaking Bad','Oui elles sortira normalement le 15-07-2012 ','17-04-2012','Re');
INSERT INTO FORUM (NUM_F,PSEUDO1,MESSAGE,DATE_ENVOIE,TYPE_MESSAGE) VALUES(11,'Parker H47','bonjour,que diriez vous de recensez les films avec bande son français en atmos','19-04-2019','Init');
INSERT INTO FORUM (NUM_F,PSEUDO1,PSEUDO2,MESSAGE,DATE_ENVOIE,TYPE_MESSAGE) VALUES(12,'Azrod95','Parker H47','J ai trouvé ce site si ça vous intéresse! http://www.dolby.com/us/en/experience/dolby-atmos/movies.html','17-04-2012','Re');
INSERT INTO FORUM (NUM_F,PSEUDO1,PSEUDO2,MESSAGE,DATE_ENVOIE,TYPE_MESSAGE) VALUES(13,'Parker H47','Azrod95','Je connais ce site mais merci, j espere quil va y avoir plus de films en bande son fr atmos','17-04-2012','Re');
